{
  "python": {
    "gaussian_blur": 6.63,
    "edge_detection": 1.409,
    "histogram_eq": 0.174,
    "brightness": 0.095,
    "initialization": 0.051
  },
  "cpp": {
    "gaussian_blur": 0.114,
    "edge_detection": 0.032,
    "histogram_eq": 0.006,
    "brightness": 0.001,
    "initialization": 0.005
  },
  "speedup": {
    "gaussian_blur": 58.1578947368421,
    "edge_detection": 44.03125,
    "histogram_eq": 28.999999999999996,
    "brightness": 95.0,
    "initialization": 10.2
  },
  "metadata": {
    "image_size": "512x512",
    "total_pixels": 262144,
    "python_total": 8.359,
    "cpp_total": 0.15800000000000003,
    "overall_speedup": 52.90506329113923
  }
}