{
  "mirror_bridge": {
    "null_call": 63.1415281,
    "arithmetic_int": 71.0452013,
    "arithmetic_double": 71.2227788,
    "string_concat": 149.721732,
    "string_get": 94.317058,
    "string_set": 103.453278,
    "vector_append": 72.74399,
    "vector_get": 105.55023,
    "vector_set": 342.29958,
    "attr_get": 67.7706986,
    "attr_set": 68.3125857,
    "construction": 524.093065
  },
  "plain_napi": {
    "null_call": 87.7579277,
    "arithmetic_int": 87.864165,
    "arithmetic_double": 92.1546227,
    "string_concat": 218.763295,
    "string_get": 108.249792,
    "string_set": 176.939384,
    "vector_append": 90.16715,
    "vector_get": 124.30928,
    "vector_set": 456.81307,
    "attr_get": 67.5816289,
    "attr_set": 73.2729853,
    "construction": 487.645648
  }
}